木,南ぷ25b,"つきのゆき","新刊",,1,"笹松",""
木,南も33a,"ヘ蝶々","新刊",,1,"笹松",""
木,南み15b,"ふるはいきっく","新刊",,1,"笹松","undefined"
金,東ク25a,"あんみつよもぎ亭","新刊",,1,"笹松",""
金,西ち11b,"京葉Rapid","新刊",,1,"笹松","undefined"
木,東Ｃ04b,"チョットだけアルヨ。","新刊",,1,"笹松",""
金,東ラ49a,"viento campanilla","新刊",,1,"笹松",""
金,西た07b,"crocus","新刊",,1,"笹松",""
金,東Ｃ04a,"人生横滑り。","新刊",,1,"笹松",""
木,南み22b,"文釣DOOM","新刊",,1,"笹松",""
木,南や01b,"遊閑地","新刊",,1,"笹松",""
木,南も33b,"Rosapersica","新刊",,1,"笹松",""
木,南め40b,"Moon Wort","新刊",,1,"笹松",""
金,東Ａ60b,"リンゴヤ","新刊",,1,"笹松",""
木,南み02a,"はっぱろぐ！","新刊",,1,"笹松",""
木,南る49a,"拾八secの彼方","新刊",,1,"笹松",""
木,南み15a,"世間の片隅","新刊",,1,"笹松",""
木,南ま33a,"Eostre","新刊",,1,"笹松",""
金,東マ07b,"松田　重工","新刊",,1,"笹松",""
金,東Ａ40a,"STUDIO POO","新刊",,1,"笹松",""
木,南る35b,"アロハニッケル","新刊",,1,"笹松",""
木,南や19b,"クラフトスタジオ","新刊",,1,"笹松","undefined"
木,南り38a,"スーパートイレチャンタイム","新刊",,1,"笹松",""
木,南も20b,"うぇ～ぶ","新刊",,1,"笹松","undefined"
木,南も12b,"喫茶智景","新刊",,1,"笹松",""
木,南ら24b,"ユキウサギ","新刊",,1,"笹松",""
木,南め13a,"充電機関","新刊",,1,"笹松",""